userid,copa_0,copa_1,copa_2,copa_3,copa_4,copa_5,copa_6,copa_7,copa_8,copa_9,copa_10,copa_11,copa_12,copa_13,copa_14,copa_15,copa_16,copa_17,copa_18,copa_19,copa_20,copa_21,copa_22,copa_23,copa_24,copa_25,copa_26,copa_27,copa_28,copa_29,copa_30,copa_31,copa_32,copa_33,copa_34,copa_35,copa_36,copa_37,copa_38,copa_39,copa_40,copa_41,copa_42,copa_43,copa_44,copa_45,copa_46,copa_47,copa_48,copa_49
roberta-base-10M-1_50,0,1,1,0,0,0,0,0,0,1,1,0,0,0,0,1,1,1,0,0,1,1,1,1,1,0,1,0,1,0,0,0,1,0,0,0,1,0,0,1,1,0,0,1,0,1,0,1,0,0
roberta-base-10M-1_25,0,0,1,1,0,0,0,0,0,1,1,0,0,1,0,1,0,1,0,0,1,1,1,1,1,0,0,1,0,0,0,1,1,0,1,1,1,1,0,1,1,1,1,1,0,0,0,1,0,0
roberta-base-10M-1_best,0,1,1,0,0,0,0,0,0,1,1,0,0,0,0,1,1,1,0,0,1,1,1,1,1,0,1,0,1,0,0,0,1,0,0,0,1,0,0,1,1,0,0,1,0,1,0,1,0,0
roberta-base-10M-1_1,0,0,0,1,0,0,0,0,0,1,1,0,0,1,1,1,0,1,0,0,0,0,1,1,1,1,1,0,0,1,0,0,1,0,1,1,1,1,1,1,1,1,1,1,1,0,1,1,0,0
roberta-base-10M-1_10,0,1,1,0,1,0,0,0,0,0,1,1,0,1,0,1,0,1,1,0,0,0,1,1,1,1,1,0,0,1,0,0,1,0,0,0,0,0,1,1,1,0,1,1,1,0,0,1,1,0
roberta-med-small-1M-3_50,1,0,1,1,1,0,0,0,0,1,1,0,0,0,1,1,1,0,1,0,1,1,1,1,1,0,1,1,0,0,1,1,0,1,1,1,1,1,0,1,1,0,1,0,1,0,0,1,1,0
roberta-med-small-1M-3_25,1,0,1,1,1,1,1,0,1,1,1,0,0,0,0,1,1,0,1,0,1,1,1,1,1,0,1,1,0,0,1,0,0,1,1,1,1,1,1,1,1,0,1,1,1,0,0,1,1,0
roberta-med-small-1M-3_best,1,0,0,1,0,1,1,0,1,1,1,0,0,0,1,0,1,1,1,0,1,1,1,1,1,0,0,0,1,0,1,0,0,1,1,1,1,1,1,1,1,0,1,0,1,0,0,1,1,0
roberta-med-small-1M-3_1,1,0,0,1,0,1,1,0,1,1,1,0,0,0,1,0,1,1,1,0,0,0,1,1,1,0,0,0,1,0,1,0,1,1,0,1,1,1,0,0,1,0,1,0,1,0,0,0,1,0
roberta-med-small-1M-3_10,1,0,0,1,0,1,1,0,1,1,1,0,0,0,1,0,1,1,1,0,1,1,1,1,1,0,0,0,1,0,1,0,0,1,1,1,1,1,1,1,1,0,1,0,1,0,0,1,1,0
roberta-base-100M-1_50,1,0,1,1,0,0,1,1,0,1,1,1,1,0,1,1,1,0,1,0,1,0,0,1,0,1,0,1,0,1,1,1,0,1,0,1,0,0,0,1,1,0,1,1,1,0,1,0,1,0
roberta-base-100M-1_25,1,0,0,1,0,1,1,1,0,1,1,0,1,0,1,1,1,0,1,0,1,0,0,0,1,1,0,0,0,1,1,1,0,0,1,1,1,0,0,1,1,0,1,1,1,0,1,0,1,0
roberta-base-100M-1_best,1,0,1,1,0,0,0,1,0,1,1,0,1,0,0,1,1,0,1,0,1,0,0,1,0,1,0,1,0,1,1,1,0,0,0,1,0,0,0,1,0,0,1,1,0,1,1,0,1,0
roberta-base-100M-1_1,1,0,0,1,0,1,1,1,1,1,1,0,1,1,1,0,1,0,1,0,1,0,0,1,0,1,0,0,1,0,1,0,0,0,1,1,0,1,1,0,1,0,1,1,0,0,1,1,1,0
roberta-base-100M-1_10,1,0,0,1,0,1,1,1,0,1,1,0,1,1,1,0,1,0,1,0,1,0,0,1,1,1,0,0,1,0,1,1,0,0,1,1,0,0,1,0,0,0,1,1,0,0,1,0,1,0
roberta-base-100M-2_50,0,0,1,0,0,0,0,0,0,1,1,1,0,0,1,1,1,1,0,0,1,1,1,1,1,1,1,0,1,0,1,1,1,1,0,1,1,1,0,1,1,0,0,1,0,1,0,1,1,1
roberta-base-100M-2_25,0,0,1,0,0,0,0,0,0,1,0,1,0,0,1,0,0,1,0,0,0,1,0,1,1,1,1,0,0,0,1,1,1,1,0,1,1,1,0,1,1,0,0,1,0,0,0,1,0,1
roberta-base-100M-2_best,0,0,1,0,0,0,0,0,0,1,1,0,0,0,0,1,1,1,0,0,1,1,1,1,1,0,0,0,1,0,1,1,1,1,0,1,1,1,0,1,1,0,1,1,0,1,1,0,1,1
roberta-base-100M-2_1,0,1,1,0,0,0,0,1,1,1,0,1,0,1,1,0,0,0,1,1,0,1,0,1,1,1,1,1,0,0,0,1,0,1,0,0,0,1,0,1,1,0,0,0,0,0,0,1,0,1
roberta-base-100M-2_10,0,0,1,0,0,0,0,0,1,1,0,1,0,0,1,0,0,0,1,1,0,1,0,1,1,1,1,1,0,0,0,1,1,1,0,0,0,1,0,1,0,0,0,0,0,0,0,1,0,1
roberta-base-1B-3_50,0,0,1,0,0,0,0,0,0,1,1,1,1,0,0,1,1,0,0,0,1,1,1,1,1,1,0,0,1,0,1,0,1,1,0,1,1,0,0,1,1,1,1,1,0,1,1,1,1,0
roberta-base-1B-3_25,0,0,1,0,0,1,0,0,0,1,1,0,0,0,0,1,1,0,0,0,1,0,1,1,1,1,0,0,1,1,0,0,0,1,0,0,1,1,0,1,1,1,1,1,0,0,0,1,0,0
roberta-base-1B-3_best,0,0,1,0,0,0,0,0,0,1,1,1,1,0,0,1,1,0,0,0,1,1,1,1,1,1,0,0,1,0,1,0,1,1,0,1,1,0,0,1,1,1,1,1,0,1,1,1,1,0
roberta-base-1B-3_1,1,0,1,0,0,1,0,0,1,1,1,1,1,0,0,1,1,1,0,1,0,0,1,0,1,1,0,1,1,0,1,0,0,1,1,0,0,0,1,0,1,1,1,1,1,0,0,1,0,0
roberta-base-1B-3_10,1,0,1,0,0,0,0,0,0,1,1,0,1,0,0,1,1,0,1,0,0,0,1,1,0,1,1,0,1,1,1,0,0,1,0,0,0,0,0,0,1,0,1,1,0,1,0,0,1,0
roberta-base_50,1,0,1,0,0,0,1,1,0,1,1,0,1,0,0,1,1,0,1,0,0,1,1,0,0,1,0,0,1,0,1,0,0,1,1,0,1,0,0,1,1,1,0,0,1,0,1,0,1,1
roberta-base_25,0,1,1,0,0,1,1,0,0,0,0,1,1,1,0,1,0,0,0,0,0,1,1,0,1,1,1,1,1,0,1,0,1,0,0,1,1,0,0,0,1,1,0,1,1,1,1,0,0,1
roberta-base_best,1,0,1,0,0,1,1,1,0,1,1,0,1,1,0,1,1,1,1,0,0,1,1,0,0,1,0,0,1,0,1,0,0,1,1,1,1,0,0,1,1,1,0,0,1,1,1,0,1,1
roberta-base_1,0,0,1,0,1,0,1,0,0,1,0,1,1,0,0,1,0,1,0,1,0,1,0,0,1,1,0,0,1,0,0,0,0,1,0,1,1,0,0,1,1,1,0,0,0,0,1,0,1,0
roberta-base_10,0,0,1,0,0,0,1,0,0,1,0,1,1,0,1,1,0,1,0,1,1,1,0,0,0,0,0,0,1,0,0,1,1,1,1,1,1,0,0,1,1,1,1,1,0,0,1,0,1,0
roberta-base-1B-2_50,1,0,1,0,0,1,0,0,0,1,1,1,0,1,0,1,1,0,1,0,0,1,1,1,0,1,0,0,1,0,1,0,1,1,0,1,1,0,0,1,1,1,0,1,0,1,1,1,0,0
roberta-base-1B-2_25,1,0,1,1,1,1,0,0,0,1,1,1,0,1,0,1,1,0,1,0,0,0,0,1,0,1,0,1,1,1,1,0,1,1,0,1,1,0,0,1,1,0,0,0,1,1,1,1,1,0
roberta-base-1B-2_best,1,0,1,0,0,1,0,0,0,1,1,1,0,1,0,1,1,0,1,0,0,1,1,1,0,1,0,0,1,0,1,0,1,1,0,1,1,0,0,1,1,1,0,1,0,1,1,1,0,0
roberta-base-1B-2_1,1,1,0,1,1,1,1,0,0,0,0,1,0,1,0,1,1,0,1,1,0,1,0,1,0,1,0,1,0,0,1,0,1,1,0,1,1,0,1,0,1,0,0,0,1,1,1,1,0,0
roberta-base-1B-2_10,1,0,0,1,1,1,1,0,0,0,1,1,0,1,0,1,1,0,1,1,0,0,0,1,0,1,0,1,1,1,1,0,1,1,0,1,1,0,1,0,1,0,0,0,1,1,1,1,0,0
roberta-med-small-1M-1_50,1,1,1,0,1,1,0,1,1,0,0,0,0,0,1,0,1,0,1,0,1,1,1,0,1,0,0,0,0,1,1,0,1,0,0,0,1,0,0,1,0,1,1,1,0,0,0,1,0,0
roberta-med-small-1M-1_25,1,0,0,1,1,1,0,1,1,0,0,0,0,0,1,0,1,0,1,0,1,1,1,1,0,0,0,0,0,1,1,0,1,0,0,0,1,0,0,1,0,1,1,1,0,0,1,1,1,0
roberta-med-small-1M-1_best,1,0,1,1,1,1,0,1,1,0,0,0,0,0,1,0,1,0,1,0,1,1,1,1,0,0,0,0,0,1,1,0,1,0,0,0,1,0,0,1,0,1,1,1,0,0,1,1,0,0
roberta-med-small-1M-1_1,1,0,0,1,1,1,0,1,1,0,0,1,0,1,1,0,0,0,1,0,1,1,1,1,0,0,0,0,0,1,1,0,1,0,0,0,0,0,0,1,0,1,1,1,1,0,1,0,1,0
roberta-med-small-1M-1_10,1,0,0,1,1,1,0,1,1,0,0,1,0,0,1,0,0,0,1,0,1,1,1,1,0,0,0,0,0,1,1,0,1,0,0,0,0,0,0,1,0,1,1,1,0,0,1,1,1,0
roberta-large_50,1,0,1,0,0,0,0,1,0,1,1,0,1,1,0,1,0,1,1,0,1,1,1,0,1,1,1,0,1,0,1,1,0,1,1,1,1,1,0,1,1,1,1,1,1,1,0,0,1,0
roberta-large_25,1,1,1,0,0,1,0,1,0,1,1,1,0,0,1,1,0,1,0,0,1,0,1,0,1,1,1,0,1,1,0,0,1,0,1,1,0,0,1,1,1,0,1,1,1,1,0,0,0,0
roberta-large_best,1,1,1,0,1,1,0,1,0,1,0,1,1,1,0,1,1,1,1,1,1,1,1,1,1,1,1,0,1,1,1,1,1,1,1,1,1,1,1,1,1,1,1,1,1,1,0,1,1,0
roberta-large_1,0,0,1,1,0,0,1,0,1,1,0,0,1,0,1,0,1,0,1,0,1,1,1,0,1,0,0,0,0,0,1,0,1,0,1,1,1,1,1,1,1,0,1,1,0,1,0,1,1,0
roberta-large_10,0,1,1,1,0,1,0,1,1,0,1,1,0,1,1,1,1,0,0,0,1,1,0,0,1,0,0,0,1,0,1,1,1,1,0,0,1,0,1,0,1,0,1,0,0,0,0,1,1,0
bert-large-cased_50,0,0,1,0,0,1,1,0,1,1,1,0,0,1,0,1,1,1,1,0,1,1,1,0,1,0,1,0,0,0,1,1,0,1,0,1,1,0,0,0,0,0,1,1,1,1,0,1,1,0
bert-large-cased_25,0,0,1,0,1,1,1,1,1,1,1,0,1,1,0,1,1,1,1,0,1,1,1,0,1,1,1,0,0,1,1,1,1,1,0,1,0,0,0,0,1,0,1,1,1,1,0,1,1,0
bert-large-cased_best,0,0,1,0,0,1,1,1,1,1,1,0,1,1,0,1,1,1,1,0,1,1,1,0,1,1,1,0,0,1,1,1,0,1,0,1,0,0,0,0,0,0,1,1,1,1,0,1,1,0
bert-large-cased_1,0,1,0,0,1,1,1,1,1,1,0,0,1,1,0,1,1,1,1,0,0,1,1,1,0,0,1,0,0,1,1,0,0,0,0,1,0,0,0,0,0,0,1,0,1,1,0,0,0,1
bert-large-cased_10,0,0,0,0,1,1,1,1,1,0,1,0,1,1,0,1,1,1,0,0,1,1,1,1,1,0,1,0,0,0,0,0,1,1,0,0,0,0,0,0,1,0,1,1,1,1,0,1,0,0
roberta-base-100M-3_50,1,0,1,0,0,0,0,0,0,1,1,1,0,0,0,1,1,0,0,0,1,0,1,1,1,1,1,1,1,0,1,0,1,1,0,1,0,1,0,1,1,1,1,1,0,1,0,0,1,0
roberta-base-100M-3_25,1,0,1,0,0,0,0,0,0,1,0,1,0,0,0,1,1,0,0,0,1,0,1,1,0,1,1,1,1,1,1,0,1,1,0,1,0,0,0,1,1,1,1,1,0,1,1,0,1,0
roberta-base-100M-3_best,1,0,1,0,0,0,0,1,0,1,1,1,0,0,0,1,1,0,0,0,0,1,1,1,1,0,0,1,1,0,1,0,1,1,0,1,0,1,0,1,1,1,1,1,0,1,0,1,1,0
roberta-base-100M-3_1,1,0,1,0,1,1,1,0,1,1,0,1,0,1,0,1,1,0,1,1,1,0,0,0,0,1,1,1,0,0,1,0,1,1,0,0,0,0,0,0,0,0,1,1,0,1,1,1,0,1
roberta-base-100M-3_10,1,0,1,0,0,1,1,0,1,1,0,1,0,1,0,1,1,0,1,1,1,0,0,1,0,1,1,0,0,1,1,0,1,1,0,0,0,0,0,0,0,0,1,1,0,1,1,1,1,1
roberta-base-10M-3_50,1,0,1,0,0,0,0,0,0,1,1,0,0,0,0,1,1,1,0,0,1,1,1,0,1,0,1,1,1,0,1,1,1,1,0,1,1,1,0,1,1,0,1,1,0,0,1,0,1,0
roberta-base-10M-3_25,1,0,1,0,0,0,0,0,0,1,1,0,0,0,0,1,1,1,0,1,1,1,1,0,1,0,1,1,1,0,1,1,1,1,0,1,1,1,0,1,1,0,1,1,0,0,1,0,1,0
roberta-base-10M-3_best,1,0,1,0,0,0,0,0,0,1,1,0,0,0,0,1,1,1,0,1,1,1,1,0,1,0,1,1,1,0,1,1,1,1,0,1,1,1,0,1,1,0,1,1,0,0,1,0,1,0
roberta-base-10M-3_1,1,0,1,0,0,0,1,0,0,1,0,0,0,1,1,1,1,1,0,1,1,0,1,0,1,0,1,1,1,0,1,1,1,1,1,1,1,1,0,0,1,0,1,1,0,0,1,0,1,0
roberta-base-10M-3_10,1,0,1,0,0,0,1,0,0,1,0,0,0,1,1,1,1,1,0,1,1,1,1,0,1,0,1,1,1,0,1,1,1,1,1,1,1,1,0,1,1,0,1,1,0,0,1,0,1,0
roberta-med-small-1M-2_50,0,1,1,1,1,0,0,0,1,1,1,1,0,0,1,0,1,1,1,0,0,1,1,0,1,1,0,1,0,0,0,1,1,1,0,0,0,0,0,1,0,1,0,0,0,1,1,1,0,0
roberta-med-small-1M-2_25,0,1,1,1,1,0,1,0,0,1,1,1,1,1,0,0,1,1,1,0,0,1,1,1,0,0,0,1,1,0,0,1,1,1,1,0,1,1,0,0,1,1,1,0,0,1,1,1,0,0
roberta-med-small-1M-2_best,0,1,1,1,1,0,0,0,0,1,1,1,0,1,1,0,1,1,1,0,0,1,1,0,1,1,0,1,0,0,0,1,1,1,0,0,0,0,0,0,0,1,0,0,0,1,1,1,0,0
roberta-med-small-1M-2_1,0,1,1,1,1,1,1,1,0,1,0,1,1,1,0,1,0,1,1,0,0,1,1,1,1,0,0,1,1,0,0,1,1,1,0,0,1,1,1,0,1,1,1,1,0,1,1,1,1,0
roberta-med-small-1M-2_10,0,1,1,1,1,1,1,1,0,1,0,1,1,1,0,1,0,1,1,0,0,1,1,1,1,0,0,1,1,0,0,1,1,1,1,0,1,1,0,0,1,1,1,1,0,1,1,1,0,0
albert-xxlarge-v2_50,1,1,1,1,1,0,0,1,1,1,1,1,1,1,1,1,1,1,1,1,1,1,1,1,1,1,1,0,1,1,1,1,1,1,1,1,1,1,1,1,1,1,1,1,1,1,0,1,1,1
albert-xxlarge-v2_25,1,1,1,0,1,1,0,1,1,1,1,0,0,1,1,1,1,1,1,1,1,1,1,1,1,1,1,1,1,1,1,1,1,1,1,1,0,1,1,1,1,1,1,1,1,1,0,1,1,1
albert-xxlarge-v2_best,1,1,1,1,1,0,0,1,1,1,1,1,1,1,1,1,1,1,1,1,1,1,1,1,1,1,1,0,1,1,1,1,1,1,1,1,1,1,1,1,1,1,1,1,1,1,0,1,1,1
albert-xxlarge-v2_1,1,1,0,1,0,0,1,1,1,1,0,1,0,1,0,0,1,0,0,1,0,1,1,0,0,0,1,0,0,1,0,1,0,0,0,0,0,0,1,1,0,0,0,1,1,0,1,1,1,0
albert-xxlarge-v2_10,1,1,1,0,1,1,1,0,0,0,1,1,1,0,0,1,1,1,1,0,1,1,1,1,1,1,0,1,1,0,1,1,1,1,1,1,1,1,0,1,1,1,1,1,1,1,0,1,0,1
roberta-base-10M-2_50,1,1,1,0,0,0,0,0,0,0,1,0,0,0,0,0,1,1,1,0,1,0,1,1,0,0,1,1,0,0,0,0,1,0,0,0,1,1,0,1,1,1,0,1,0,1,1,0,1,1
roberta-base-10M-2_25,0,1,1,0,0,0,1,0,0,0,1,0,0,0,0,0,1,1,1,0,1,0,0,1,0,0,1,1,0,0,1,0,1,0,0,0,1,1,0,1,1,1,1,1,0,1,1,0,1,1
roberta-base-10M-2_best,1,1,0,0,0,0,1,0,1,0,1,1,0,1,0,0,1,0,1,0,1,0,0,1,0,0,1,0,0,0,0,0,0,0,0,0,0,1,0,1,1,0,0,1,0,1,1,0,1,1
roberta-base-10M-2_1,1,1,0,0,0,1,1,0,1,0,1,1,0,1,0,0,1,0,1,0,1,0,0,1,0,0,1,0,0,0,0,0,0,0,0,0,0,1,0,0,0,0,1,1,0,1,1,0,1,1
roberta-base-10M-2_10,1,1,0,0,0,0,1,0,1,0,1,1,0,1,0,0,1,0,1,0,1,0,0,1,0,0,1,0,0,0,0,0,0,0,0,0,0,1,0,1,1,0,0,1,0,1,1,0,1,1
roberta-base-1B-1_50,0,0,1,0,0,1,0,0,0,1,1,0,0,1,1,1,1,0,0,0,1,1,1,1,1,1,0,0,1,0,1,0,1,0,1,1,0,0,0,1,0,1,1,1,0,1,1,0,1,0
roberta-base-1B-1_25,0,0,1,0,1,1,0,0,0,1,1,0,1,1,1,1,1,0,0,0,1,1,1,1,1,1,0,0,1,0,1,0,1,0,1,1,0,0,0,1,0,1,1,1,0,0,1,0,1,0
roberta-base-1B-1_best,0,0,1,0,0,1,0,0,0,1,1,0,0,1,1,1,1,0,0,0,1,1,1,1,1,1,0,0,1,0,1,0,1,0,1,1,0,0,0,1,0,1,1,0,0,1,1,0,1,0
roberta-base-1B-1_1,0,0,1,0,1,0,0,1,0,1,1,0,1,1,1,1,0,0,0,0,1,1,1,0,1,1,1,0,0,0,1,0,1,0,1,1,0,0,1,0,0,1,1,0,0,1,1,0,1,1
roberta-base-1B-1_10,0,0,1,0,1,1,0,1,0,1,1,0,1,1,1,1,1,0,0,0,1,0,1,0,1,1,0,0,0,0,1,0,1,0,0,1,0,0,1,0,0,0,1,0,0,1,1,0,1,1
bert-base-cased_50,0,1,0,0,0,0,0,1,1,1,1,0,1,1,0,1,1,1,1,0,0,1,1,0,0,0,0,0,1,0,1,1,0,1,0,0,0,0,0,1,0,0,0,1,0,1,1,1,0,0
bert-base-cased_25,0,1,0,0,0,0,0,1,1,0,1,0,0,1,0,1,1,1,1,0,0,1,1,0,0,0,0,0,1,0,0,1,0,1,0,0,0,0,0,1,0,0,1,1,0,1,1,1,0,0
bert-base-cased_best,0,1,0,0,0,0,0,1,1,1,1,0,1,1,0,1,1,1,1,0,0,1,1,0,0,0,0,0,1,0,1,1,0,1,0,0,0,0,0,1,0,0,1,1,0,1,1,1,0,0
bert-base-cased_1,1,1,1,1,1,1,1,0,1,1,0,1,1,0,1,1,0,1,1,1,1,1,0,0,1,0,0,0,0,0,0,0,0,1,0,1,1,1,1,1,1,0,0,0,1,1,1,1,1,1
bert-base-cased_10,1,1,1,1,1,1,0,0,1,1,1,0,1,0,0,0,0,1,1,0,0,1,0,0,0,0,0,1,0,0,0,1,0,1,0,0,1,0,0,0,0,0,1,0,0,1,1,1,1,0
xlm-roberta-large_50,0,1,0,0,1,0,1,0,0,0,0,0,0,0,0,1,1,0,1,0,0,0,1,1,0,0,1,0,1,1,0,0,1,0,1,0,1,1,0,0,0,1,0,0,0,1,0,0,1,1
xlm-roberta-large_25,0,0,1,1,0,1,1,0,1,1,1,0,1,0,1,1,1,0,0,1,1,0,1,1,0,0,0,0,1,0,1,1,1,1,0,1,0,1,0,1,0,0,0,1,1,0,1,1,1,1
xlm-roberta-large_best,1,0,1,0,1,1,0,1,1,1,0,0,1,0,1,0,0,1,1,0,1,1,1,1,0,0,0,1,0,0,1,1,1,1,1,0,0,0,0,0,0,1,0,0,0,1,1,1,1,0
xlm-roberta-large_1,1,0,0,1,0,0,0,0,0,1,1,0,1,0,1,1,1,1,0,1,1,1,1,1,0,1,1,0,1,0,1,1,1,1,1,1,0,0,0,1,0,0,1,1,0,0,0,1,0,1
xlm-roberta-large_10,0,1,1,0,1,0,1,0,0,1,0,0,0,1,0,1,0,1,0,1,1,0,1,1,1,0,0,0,1,1,1,0,1,0,1,1,1,1,0,1,0,1,1,1,0,1,0,1,0,0
